Product name,Price,Ratings,No of Ratings,RAM,ROM,Display(cm),cameraQ(MP),Label
Realme 7i ,11999,4.3,136821,4,64,16.51,64,0.871377074532573
Realme 7i ,11999,4.3,136821,4,64,16.51,64,0.902759108467566
POCO M2 ,10999,4.3,155578,6,64,16.59,13,0.830398914179477
Samsung Galaxy F41 ,17999,4.3,126571,6,128,16.26,64,0.815260146760285
Redmi 9i ,8299,4.3,86456,4,64,16.59,13,0.957557498514415
Realme 6 ,14999,4.4,116223,6,64,16.51,64,0.983287396363489
Realme 7i ,12999,4.3,136821,4,128,16.51,64,0.898736166559264
Samsung Galaxy A71 ,29499,4.4,4209,8,128,17.02,64,0.884257297533125
Realme C15 Qualcomm Edition ,10999,4.3,14880,4,64,16.56,13,0.867074493638762
Realme C15 Qualcomm Edition ,10999,4.3,14880,4,64,16.56,13,0.932068462764909
Realme C11 ,7499,4.4,312366,2,32,16.51,13,0.958134661049545
Samsung Galaxy A31 ,19999,4.3,6247,6,128,16.26,48,0.877571197926308
Realme C11 ,7499,4.4,312366,2,32,16.51,13,0.876680793726429
POCO M2 ,10999,4.3,155578,6,64,16.59,13,0.84170377774238
Redmi 9i ,8299,4.3,86456,4,64,16.59,13,0.865270350372862
Samsung Galaxy A31 ,19999,4.3,6247,6,128,16.26,48,0.904448475622024
POCO C3 ,7999,4.3,56147,3,32,16.59,13,0.947212800431604
Infinix Hot 9 ,8999,4.4,88233,4,64,16.76,13,0.853792777980482
Infinix Hot 9 ,8999,4.4,88233,4,64,16.76,13,0.925194453173296
Samsung Galaxy A71 ,29499,4.4,4209,8,128,17.02,64,0.855975370723589
Infinix Hot 9 ,8999,4.4,88233,4,64,16.76,13,0.964063996780182
POCO C3 ,7999,4.3,56147,3,32,16.59,13,0.854529425664293
Infinix Smart 4 Plus ,7999,4.4,89852,3,32,17.32,13,0.888423775883193
Samsung Galaxy A31 ,19999,4.3,6247,6,128,16.26,48,0.837246801806867
Infinix Smart 4 Plus ,7999,4.4,89852,3,32,17.32,13,0.981947318725864
POCO C3 ,8999,4.3,31410,4,64,16.59,13,0.912022151433422
Redmi 9i ,8299,4.3,86456,4,64,16.59,13,0.916395378686142
Samsung Galaxy A51 ,22999,4.3,7200,6,128,16.51,48,0.892231257070523
POCO C3 ,8999,4.3,31410,4,64,16.59,13,0.831543847078959
Realme 6 ,14999,4.4,116222,6,64,16.51,64,0.816878411232919
POCO C3 ,8999,4.3,31410,4,64,16.59,13,0.982229882849854
Samsung Galaxy F41 ,17999,4.3,126573,6,128,16.26,64,0.812701717747221
Infinix Smart 4 Plus ,7999,4.4,89852,3,32,17.32,13,0.835940671326699
Infinix Smart 4 Plus ,7999,4.4,89852,3,32,17.32,13,0.833200968368408
Infinix Smart 4 Plus ,7999,4.4,89852,3,32,17.32,13,0.848137303226686
Samsung Galaxy S20 FE ,49999,4.3,59,8,128,16.51,12,0.936330081085267
POCO M2 ,12499,4.3,155850,6,128,16.59,13,0.914245036177522
Realme C12 ,8999,4.4,166861,3,32,16.56,13,0.842227500038557
Realme C12 ,8999,4.4,166861,3,32,16.56,13,0.870084782958133
Samsung Galaxy S20 FE ,49999,4.3,59,8,128,16.51,12,0.866256472928643
Infinix Hot 9 Pro ,9999,4.4,66939,4,64,16.76,48,0.989163761621734
Realme C3 ,8999,4.4,114828,3,32,16.56,12,0.936350582899646
Realme C3 ,8999,4.4,114828,3,32,16.56,12,0.888578344209124
Samsung Galaxy S20 FE ,49999,4.3,59,8,128,16.51,12,0.934960921053748
POCO M2 ,10999,4.3,155580,6,64,16.59,13,0.853880021576571
Redmi 9i ,9299,4.3,86456,4,128,16.59,13,0.871966239788242
Gionee Max ,5999,4.1,21121,2,32,15.49,13,0.802111113724197
Samsung Galaxy S20 FE ,49999,4.3,59,8,128,16.51,12,0.989242116066813
Nokia 105 SS 2020,0,0,0,0,0,0,0,-1
Realme Narzo 20 ,10499,4.3,148211,4,64,16.56,48,0.966462621953436
Realme Narzo 20 ,10499,4.3,148282,4,64,16.56,48,0.963500839332932
POCO M2 ,12499,4.3,155580,6,128,16.59,13,0.950453330494404
Samsung Galaxy F41 ,17999,4.3,126567,6,128,16.26,64,0.910363130607483
Tecno Spark Go 2020 ,6499,4.3,29109,2,32,16.56,13,0.9000055877016
POCO M2 Pro ,14999,4.4,155769,6,64,16.94,48,0.80700682760396
Realme 7 ,14999,4.3,140588,6,64,16.51,64,0.857542514023535
Motorola E7 Plus ,9499,4.2,21708,4,64,16.51,48,0.994177230133241
Motorola One Fusion+ ,17499,4.4,69402,6,128,16.51,64,0.853063189396352
Infinix Hot 9 Pro ,9999,4.4,66939,4,64,16.76,48,0.85428728653044
POCO M2 Pro ,14999,4.4,155769,6,64,16.94,48,0.833549054354492
Redmi 8A Dual ,7499,4.3,19783,2,32,15.8,13,0.92109166519913
Realme Narzo 20A ,8499,4.3,31865,3,32,16.51,12,0.907121092156501
POCO M2 Pro ,14999,4.4,155769,6,64,16.94,48,0.85216014980437
OPPO Reno2 F ,17990,4.4,40676,6,256,16.51,48,0.859590417629748
OPPO A31 ,14990,4.3,11279,6,128,16.51,12,0.969532205652574
OPPO A31 ,14990,4.3,11279,6,128,16.51,12,0.971984719841295
OPPO A31 ,14990,4.3,11279,6,128,16.51,12,0.983129001503078
Lava A1,0,0,0,0,0,0,0,-1
POCO X3 ,16999,4.3,39171,6,64,16.94,64,0.84723697724091
Realme Narzo 20A ,9499,4.4,61688,4,64,16.51,12,0.8032215836245
Realme Narzo 20A ,9499,4.4,61688,4,64,16.51,12,0.802292226557983
Realme Narzo 20A ,8499,4.3,31865,3,32,16.51,12,0.882715560613225
Tecno Spark Power 2 ,9999,4.3,58792,4,64,17.78,16,0.845882921809621
Tecno Spark Power 2 ,9999,4.3,58792,4,64,17.78,16,0.870986036333076
Samsung Galaxy F41 ,17999,4.3,126753,6,128,16.26,64,0.876053202422914
Infinix Smart 4 ,6999,4.4,1253,2,32,17.32,13,0.867580357801165
Infinix Smart 4 ,6999,4.4,1253,2,32,17.32,13,0.844699255667261
POCO C3 ,7999,4.3,56147,3,32,16.59,13,0.982080956017929
Samsung Galaxy F41 ,16999,4.3,126753,6,64,16.26,64,0.900383083798385
Realme 7 ,16999,4.3,36028,8,128,16.51,64,0.978693975932887
Realme 7 ,14999,4.3,140588,6,64,16.51,64,0.806669879401803
POCO M2 Pro ,13999,4.4,94150,4,64,16.94,48,0.908173553452839
Nokia 105 SS 2020,0,0,0,0,0,0,0,-1
Redmi 8A Dual ,7499,4.3,19783,2,32,15.8,13,0.82622396307799
Motorola G9 ,10999,4.2,25648,4,64,16.51,48,0.927864809143802
Motorola One Fusion+ ,17499,4.4,69402,6,128,16.51,64,0.896446598307315
Realme Narzo 20 ,11499,4.3,148215,4,128,16.56,48,0.825567173065881
Realme Narzo 20 ,11499,4.3,148215,4,128,16.56,48,0.96279739049506
OPPO A52 ,14990,4.4,27669,4,128,16.51,12,0.954706012234026
OPPO A52 ,14990,4.4,27669,4,128,16.51,12,0.836019861944111
Samsung Galaxy F41 ,17999,4.3,126573,6,128,16.26,64,0.843588002232549
Tecno Spark Power 2 Air ,8499,4.3,6118,3,32,17.78,13,0.918028307684394
Redmi 9i ,9299,4.3,86457,4,128,16.59,13,0.921176012818818
OPPO Reno2 F ,17990,4.4,40677,6,256,16.51,48,0.861492701973631
POCO M2 Pro ,13999,4.4,94150,4,64,16.94,48,0.931971228222952
POCO X3 ,18499,4.3,39171,6,128,16.94,64,0.84682864023032
Realme Narzo 20 Pro ,14999,4.3,32178,6,64,16.51,48,0.901906898726402
Realme Narzo 20 Pro ,14999,4.3,32178,6,64,16.51,48,0.966351493376298
Realme Narzo 20 Pro ,16999,4.3,20463,8,128,16.51,48,0.879530121995974
Realme C15 ,9999,4.3,30082,3,32,16.56,13,0.95107782623037
Realme C15 ,10999,4.4,77765,4,64,16.56,13,0.802448358525015
Realme C15 ,10999,4.4,77765,4,64,16.56,13,0.822813589871219
Realme C15 ,9999,4.3,30082,3,32,16.56,13,0.871284506740951
Realme 6i ,13999,4.4,55781,6,64,16.51,48,0.840936845889323
Realme 6i ,12999,4.4,53791,4,64,16.51,48,0.94301147635411
Realme 6i ,12999,4.4,53791,4,64,16.51,48,0.93031530685943
POCO M2 Pro ,16999,4.4,155769,6,128,16.94,48,0.919982977275217
OPPO F15 ,15990,4.4,19664,4,128,16.26,48,0.94424704851484
OPPO F15 ,18990,4.4,19019,8,128,16.26,48,0.969259414722348
POCO X3 ,19999,4.3,6714,8,128,16.94,64,0.946471452579895
Nokia TA-1010/105,0,0,0,0,0,0,0,-1
POCO X2 ,18499,4.5,221510,6,128,16.94,64,0.912077910894228
POCO X3 ,18499,4.3,39171,6,128,16.94,64,0.897784483366311
Realme 6 ,17999,4.4,45570,8,128,16.51,64,0.872564862320773
LG G8X ,39990,4.5,36165,6,128,16.26,12,0.826426314044159
Apple iPhone XR ,44900,4.6,54615,0,64,15.49,12,0.919878869523391
Redmi 8A Dual ,7499,4.3,19783,2,32,15.8,13,0.918013785026249
Samsung Galaxy F41 ,16999,4.3,126575,6,64,16.26,64,0.843991086246712
Vivo Y50 ,16490,4.4,8722,8,128,16.59,13,0.829017340206812
Apple iPhone XR ,49900,4.6,54615,0,128,15.49,12,0.95490758227304
Redmi 9i ,9299,4.3,86459,4,128,16.59,13,0.849012593600453
Apple iPhone XR ,49900,4.6,54615,0,128,15.49,12,0.839066815918849
Tecno Spark Power 2 Air ,8499,4.3,6118,3,32,17.78,13,0.645497853277445
OPPO A9 2020 ,15990,4.3,89839,4,128,16.51,48,0.63185421931763
Redmi 9 ,10911,4.2,4462,4,128,16.59,13,0.690597941856978
POCO X2 ,18499,4.5,221510,6,128,16.94,64,0.641190215493329
Realme Narzo 20 Pro ,16999,4.3,20464,8,128,16.51,48,0.636496801429069
Samsung Galaxy F41 ,16999,4.3,126575,6,64,16.26,64,0.792840671181342
Apple iPhone XR ,44900,4.6,54615,0,64,15.49,12,0.815074354121425
POCO X2 ,18499,4.5,221510,6,128,16.94,64,0.715066596163041
Redmi 9 Prime ,11329,4.3,4513,4,128,16.59,13,0.648828398638759
Vivo Y50 ,16490,4.4,8722,8,128,16.59,13,0.811050288622699
Micromax X741,1257,4,27733,0.032,0.032,6.1,0,0.729424863526033
OPPO A5s ,8990,4.3,28455,2,32,15.75,13,0.810997100805827
Micromax X741,1267,4,27733,0.032,0.032,6.1,0,0.671297387126174
Apple iPhone SE ,35900,4.6,72791,0,64,11.94,12,0.687705787490847
Samsung Galaxy M21 ,15790,4.3,2595,4,64,16.26,48,0.782043341104137
Lava A1 Josh,0,0,0,0,0,0,0,-1
Infinix Note 7 ,10999,4.3,7415,4,64,17.65,48,0.837361117941425
Realme 7 Pro ,21999,4.4,14530,8,128,16.26,64,0.830622772380043
Realme 7 Pro ,19999,4.4,42541,6,128,16.26,64,0.824280521844573
Realme 7 Pro ,21999,4.4,14530,8,128,16.26,64,0.772395673940877
Realme 7 Pro ,19999,4.4,42541,6,128,16.26,64,0.795037541491043
Realme 5i ,11999,4.5,381702,4,128,16.56,12,0.773439978817753
Realme 7 Pro ,19999,4.4,42541,6,128,16.26,64,0.758914311111557
Redmi Note 8 ,12499,4.4,34950,4,64,16,48,0.709484585305638
POCO M2 Pro ,16999,4.4,155770,6,128,16.94,48,0.692792074997553
POCO M2 Pro ,16999,4.4,155770,6,128,16.94,48,0.636245800167725
Apple iPhone SE ,35900,4.6,72791,0,64,11.94,12,0.807985740333251
Nokia 105 SS 2020,0,0,0,0,0,0,0,-1
OPPO A9 2020 ,17990,4.3,48338,8,128,16.51,48,0.681099423337371
OPPO F15 ,15990,4.4,19664,4,128,16.26,48,0.645889485249153
Redmi Note 8 ,12499,4.4,34950,4,64,16,48,0.780184977973184
OPPO F15 ,18990,4.4,19019,8,128,16.26,48,0.728605159646046
OPPO A52 ,17999,3.8,6,8,128,16.51,12,0.687011904171763
OPPO F15 ,15990,4.4,19664,4,128,16.26,48,0.64616145791178
OPPO F15 ,18990,4.4,19019,8,128,16.26,48,0.794522697957602
Motorola One Fusion+ ,17499,4.4,69402,6,128,16.51,64,0.625201843757415
OPPO A5s ,10990,4.3,21664,4,64,15.75,13,0.807375712426972
OPPO A5s ,10990,4.3,21664,4,64,15.75,13,0.773909191412172
OPPO A5s ,8990,4.3,28455,2,32,15.75,13,0.641432842251951
Realme 5i ,10999,4.5,381702,4,64,16.56,12,0.812576201707576
OPPO A52 ,16398,4.3,3171,6,128,16.51,12,0.69997074656887
Itel Vision1 ,6999,4.1,11344,3,32,15.46,8,0.695623400429973
Itel Vision1 ,6999,4.1,11344,3,32,15.46,8,0.608829495944712
Itel VISION1 ,6499,4.2,44,2,32,15.46,8,0.828968743252266
Lava A3,0,0,0,0,0,0,0,-1
Lava A3,0,0,0,0,0,0,0,-1
Realme 7 Pro ,21999,4.4,14530,8,128,16.26,64,0.761258682215378
Realme 7 Pro ,19999,4.4,42543,6,128,16.26,64,0.783553528942724
POCO M2 Pro ,13999,4.4,94151,4,64,16.94,48,0.771080002033754
POCO X2 ,17499,4.5,221510,6,64,16.94,64,0.645037105788494
MarQ by Flipkart 110 Magic,969,4.1,47,0.032,0.032,6.1,2,0.602051066880589
Itel VISION1 ,6499,4.2,44,2,32,15.46,8,0.67491607992468
OPPO A5s ,10990,4.3,21664,4,64,15.75,13,0.609076036319754
Lava A3,0,0,0,0,0,0,0,-1
Lava A3,0,0,0,0,0,0,0,-1
Apple iPhone SE ,35900,4.6,72791,0,64,11.94,12,0.651298885851667
Vivo Y11 ,9490,4.3,12879,3,32,16.13,13,0.756901743853438
Vivo Y11 ,9490,4.3,12879,3,32,16.13,13,0.74349208983131
POCO X3 ,19999,4.3,6714,8,128,16.94,64,0.831198668371802
Vivo Y30 ,13990,4.3,5082,4,128,16.43,13,0.846755103442828
Lava A1,0,0,0,0,0,0,0,-1
Lava A1,0,0,0,0,0,0,0,-1
Lava A1,0,0,0,0,0,0,0,-1
Lava A1,0,0,0,0,0,0,0,-1
Lava A1,0,0,0,0,0,0,0,-1
POCO M2 ,12499,4.3,155584,6,128,16.59,13,0.782809418795279
Vivo V20 SE ,20990,4.4,254,8,128,16.36,48,0.784498307573323
Realme X3 ,24999,4.4,2249,6,128,16.69,64,0.673388484467669
Vivo Y20 ,12990,4.4,6327,4,64,16.54,13,0.74620307987035
Vivo Y20 ,12990,4.4,6327,4,64,16.54,13,0.781741422116151
Vivo Y20 ,13990,4.4,2362,6,64,16.54,13,0.642176890073288
Vivo Y20 ,12990,4.4,6327,4,64,16.54,13,0.750478362314156
Samsung Guru Music 2,0,0,0,0,0,0,0,-1
Nokia 105 DS 2020,0,0,0,0,0,0,0,-1
Redmi Note 8 ,12499,4.4,34950,4,64,16,48,0.649699075683502
Panasonic Eluga I7 ,5001,3.7,1253,2,16,13.87,8,0.831908424179688
Apple iPhone XR ,49900,4.6,54615,0,128,15.49,12,0.690100395201918
BlackZone B310,639,3.9,329,0.01,0.01,4.57,0,0.609823296370612
I kall k6300 NEW,1169,3.4,452,0.064,0.064,7.11,8,0.677602006803712
Samsung Galaxy M21 ,14949,4.3,2595,4,64,16.26,48,0.758309559628766
Motorola E7 Plus ,9499,4.2,21708,4,64,16.51,48,0.691338830913837
Vivo Y20i ,11490,4.3,3305,3,64,16.54,13,0.674828136365248
Realme Narzo 10A ,9999,4.5,50776,3,32,16.56,12,0.701700799028677
Realme Narzo 10A ,10999,4.5,80853,4,64,16.56,12,0.820384366858347
OPPO A9 2020 ,15990,4.3,89839,4,128,16.51,48,0.77206529248562
OPPO A9 2020 ,15990,4.3,89839,4,128,16.56,48,0.709908575603566
POCO X2 ,17499,4.5,221510,6,64,16.94,64,0.615639086366687
BlackZone RANGER,619,4.3,4,0.064,0.064,4.57,10,0.705074102087982
Lava A1,0,0,0,0,0,0,0,-1
OPPO A52 ,16990,4.3,3171,6,128,16.51,12,0.788878201429153
Tecno SPARK 6 AIR ,7720,4.3,890,2,32,17.78,13,0.790544648784872
Micromax X807,1475,4,4439,0.032,0.032,7.11,0,0.741782663563319
Redmi 9 Prime ,11600,4.3,4514,4,128,16.59,13,0.843730149610266
OPPO A52 ,16498,4.3,3171,6,128,16.51,12,0.754628479394554
Vivo Y30 ,13990,4.3,5082,4,128,16.43,13,0.61694253798445
Samsung Guru Music 2,0,0,0,0,0,0,0,-1
Apple iPhone XR ,49900,4.6,54615,0,128,15.49,12,0.656844458796752
Samsung Galaxy A70s ,17999,4.3,1988,6,128,17.02,64,0.763580700969549
Apple iPhone XR ,44900,4.6,54615,0,64,15.49,12,0.743052489880688
Vivo Y91i ,8490,4.3,6370,3,32,15.8,13,0.712760350387183
Micromax X744,1235,3.9,5667,0.032,0.032,6.1,0,0.633204404690729
Redmi Note 9 Pro ,19990,4.4,783,6,128,16.94,48,0.792032884182589
Redmi Note 9 Pro ,15287,4.3,6554,4,128,16.94,48,0.821049263833828
Samsung M01 core ,5099,4,2607,1,16,13.46,8,0.663267117735828
Karbonn KX3,815,3.9,2725,0.032,0.032,4.57,0,0.764441901583348
BlackZone RANGER,619,4.3,4,0.064,0.064,4.57,10,0.749299241222229
Vivo S1 Pro ,18990,4.4,22548,8,128,16.21,48,0.630106085656169
Vivo S1 Pro ,18990,4.4,22548,8,128,16.21,48,0.841260403935262
Micromax X744,1163,3.9,5667,0.032,0.032,6.1,0,0.687573064036295
Vivo Y20i ,11490,4.3,3305,3,64,16.54,13,0.703960859734258
BlackZone ECO X,1230,4,2032,0.032,0.032,4.5,0,0.808357998618767
Samsung Metro 313 Dual Sim,2340,4.3,10103,0.01,0.002,5.08,0,0.692026199251367
BlackZone B-310 GOLD,669,3.8,9,0.064,0.064,4.57,0,0.801199361886605
Samsung Guru 1200,0,0,0,0,0,0,0,-1
Redmi Note 9 ,15990,4.4,1407,6,128,16.59,48,0.763415076511328
Redmi 9 Prime ,10920,4.3,4514,4,64,16.59,13,0.68747534359899
Nokia 5310,0,0,0,0,0,0,0,-1
Apple iPhone XR ,44900,4.6,54615,0,64,15.49,12,0.755984956514468
BlackZone B-310 GOLD,669,3.8,9,0.064,0.064,4.57,0,0.643744227679936
Apple iPhone XR ,44900,4.6,54615,0,64,15.49,12,0.695954228773838
Micromax X378,870,3.9,3266,0.032,0.032,4.5,1,0.694415928355269
Samsung Galaxy M31 ,17990,4.3,4402,6,128,16.26,64,0.744424395053464
Micromax X412,854,3.9,7471,0.032,0.032,4.5,80,0.790852360419352
Micromax X378,899,3.9,3266,0.032,0.032,4.5,1,0.752862528960687
Karbonn Jumbo K9,1205,4,7711,0,0,6.6,1,0.831347488675495
Infinix Note 7 ,10999,4.3,7415,4,64,17.65,48,0.813417035812513
Infinix Note 7 ,10999,4.3,7415,4,64,17.65,48,0.841904855874027
Redmi 9A ,7877,4.2,1418,3,32,16.59,13,0.746329837570377
Redmi 9A ,8035,4.2,1418,3,32,16.59,13,0.639157419146722
Samsung M31 Prime ,17990,4.2,60,6,128,16.26,64,0.616516676995899
Lava Gem,0,0,0,0,0,0,0,-1
Karbonn K140 Pop,784,3.9,2987,0.032,0.032,4.57,0,0.629810819037997
Karbonn K140 Pop,810,3.9,2987,0.032,0.032,4.57,0,0.767338808670615
Realme 6 ,16999,4.4,45570,8,128,16.51,64,0.773403190969452
Vivo V20 ,27990,4.3,12809,8,256,16.36,64,0.830103364144957
BlackZone ECO X,1230,4,2032,0.032,0.032,4.5,0,0.838751016737585
Redmi 8A Dual ,8697,4.2,9523,3,32,15.8,13,0.663029082664872
Redmi Note 9 ,14450,4.3,9390,4,128,16.59,48,0.687569750273344
Redmi Note 9 ,12379,4.3,9390,4,64,16.59,48,0.618345550693227
Nokia 216/216 DS,0,0,0,0,0,0,0,-1
Vivo Y12 ,10990,4.3,25990,3,64,16.13,13,0.713003029480056
Vivo Y12 ,10990,4.3,25990,3,64,16.13,13,0.819231014315805
Vivo Y12 ,10990,4.3,25990,3,64,16.13,13,0.644805788848578
Redmi 8A Dual ,8789,4.2,9523,3,64,15.8,13,0.81559056109036
Nokia 150 DS 2020,0,0,0,0,0,0,0,-1
Redmi 9A ,7371,4.3,3585,2,32,16.59,13,0.644520586420754
Samsung M31 Prime ,17480,4.2,60,6,128,16.26,64,0.738750141851549
BlackZone ECO X,1230,4,2032,0.032,0.032,4.5,0,0.807618145572895
Karbonn KX26,999,4,1003,0.032,0.032,6.1,0,0.75424551000762
Karbonn KX3,799,3.9,2725,0.032,0.032,4.57,0,0.835967922854201
Lava A1,0,0,0,0,0,0,0,-1
I Kall K800 ,3999,3.4,227,2,16,13.97,5,0.629205560719121
Apple iPhone XR ,49900,4.6,54615,0,128,15.49,12,0.73782024539435
Lava Hero 600+,0,0,0,0,0,0,0,-1
Lava Hero 600+,0,0,0,0,0,0,0,-1
Samsung Galaxy M11 ,12869,4.2,5097,4,64,16.26,13,0.729842829223176
Nokia 3310 DS,0,0,0,0,0,0,0,-1
Samsung Guru FM Plus,0,0,0,0,0,0,0,-1
Tecno Camon 15 ,10499,4.2,6052,4,64,16.64,48,0.671319991110487
POCO X2 ,17499,4.5,221510,6,64,16.94,64,0.800403395374823
Tecno Camon 15 ,10499,4.2,6052,4,64,16.64,48,0.76459336175034
Samsung Galaxy M11 ,10150,4.2,8271,3,32,16.26,13,0.612165357139736
Apple iPhone XR ,49900,4.6,54615,0,128,15.49,12,0.837747653790776
Redmi 8A Dual ,8435,4.2,9523,3,32,15.8,13,0.617190308815697
Lava A5,0,0,0,0,0,0,0,-1
Lava A5,0,0,0,0,0,0,0,-1
OPPO F17 Pro ,22990,4.4,3889,8,128,16.33,48,0.799447996218026
Honor 9S ,6499,3.9,16403,2,32,13.84,8,0.639775969420567
I Kall K 48,649,3.7,2421,0.032,0.064,4.57,0,0.845676282341159
Lava A5,0,0,0,0,0,0,0,-1
Lava A5,0,0,0,0,0,0,0,-1
OPPO A53 ,15490,4.2,2192,6,128,16.51,13,0.612612701298069
OPPO A53 ,12990,4.3,11178,4,64,16.51,13,0.699713217817527
OPPO A12 ,9490,4.3,18030,3,32,15.8,13,0.713462705601026
I kall K 444,999,3.7,844,0.032,0.064,6.1,0,0.723768231851247
Redmi Note 9 ,12449,4.3,9390,4,64,16.59,48,0.781392677762797
Redmi Note 9 ,12389,4.3,9390,4,64,16.59,48,0.723882959089813
Redmi Note 9 ,14799,4.3,9390,4,128,16.59,48,0.743597613747997
Redmi Note 9 ,12799,4.3,9390,4,64,16.59,48,0.732537411404033
Micromax X750,1299,4.1,969,0.032,0.032,6.1,0,0.604348047662712
Nokia 110 DS 2020,0,0,0,0,0,0,0,-1
Kechaoda K112,0,0,0,0,0,0,0,-1
Vivo V20 ,27990,4.3,12809,8,256,16.36,64,0.642728670750326
Kechaoda K112,0,0,0,0,0,0,0,-1
Vivo S1 Pro ,18990,4.4,22548,8,128,16.21,48,0.655811146338421
Apple iPhone SE ,40900,4.6,72791,0,128,11.94,12,0.65158256037847
Redmi 9A ,7276,4.3,3585,2,32,16.59,13,0.703622071820115
Redmi 9A ,7954,4.2,1418,3,32,16.59,13,0.84732008465783
Apple iPhone XR ,49900,4.6,54615,0,128,15.49,12,0.800195816197356
Nokia 150 DS 2020,0,0,0,0,0,0,0,-1
Micromax X746,1308,4,9176,0.032,0.032,6.1,0,0.836898075058844
Micromax X746,1349,4,9176,0.032,0.032,6.1,0,0.743851206133353
Lava One,0,0,0,0,0,0,0,-1
Nokia 110 DS 2020,0,0,0,0,0,0,0,-1
Redmi Note 9 Pro Max ,17900,4.4,465,6,64,16.94,64,0.844089755990052
Redmi 9 ,10983,4.2,424,4,128,16.59,13,0.83377623270496
Kechaoda K115,0,0,0,0,0,0,0,-1
BlackZone B-350,619,4.1,128,0.064,0.064,4.57,0,0.756353837498886
OPPO A9 2020 ,17990,4.3,48338,8,128,16.51,48,0.601024034685497
Snexian Rock,1285,3.9,6876,0.032,0.032,4.32,0,0.756329256019954
BlackZone B310,639,3.9,329,0.01,0.01,4.57,0,0.674540560249949
Snexian Rock,1349,3.9,6876,0.032,0.032,4.32,0,0.82607044288586
Snexian Rock,1285,3.9,6876,0.032,0.032,4.32,0,0.848027937873666
Lava Z66 ,0,0,0,0,0,0,0,-1
Nokia 106,0,0,0,0,0,0,0,-1
Nokia 5310,0,0,0,0,0,0,0,-1
Nokia 105 DS 2020,0,0,0,0,0,0,0,-1
Vivo V20 ,24990,4.3,12809,8,128,16.36,64,0.612274324739549
Vivo V20 ,24990,4.3,12809,8,128,16.36,64,0.619940052805501
Realme X3 SuperZoom ,34999,4.2,1395,12,256,16.69,64,0.726259799047011
Redmi 9 ,9872,4.2,4463,4,64,16.59,13,0.694728559271374
Good One Magic,1399,4,1344,0.032,0.032,4.32,2,0.835030183473084
OPPO A12 ,9490,4.3,18030,3,32,15.8,13,0.622724606131533
OPPO A12 ,11490,4.3,5292,4,64,15.8,13,0.641734234967418
OPPO A12 ,11490,4.3,5292,4,64,15.8,13,0.710706866829316
Samsung Galaxy M31 ,16990,4.3,4402,6,64,16.26,64,0.795599829234013
Redmi 8A Dual ,8799,4.2,9523,3,64,15.8,13,0.623308306857166
OPPO A11K ,8490,4.2,4247,2,32,15.8,13,0.677688078912755
Vivo Z1Pro ,17990,4.5,155522,6,128,16.59,16,0.723310346498189
Kechaoda K115,0,0,0,0,0,0,0,-1
Lava A9,0,0,0,0,0,0,0,-1
Tecno Camon 15 ,10499,4.2,6053,4,64,16.64,48,0.658535347595763
Redmi Note 9 Pro Max ,16340,4.4,2846,6,64,16.94,64,0.760499706354428
Realme 6 Pro ,17999,4.4,54415,6,64,16.76,64,0.834956044650877
Redmi Note 9 Pro ,15384,4.3,6554,4,128,16.94,48,0.659410901811005
Redmi Note 9 ,16698,4.4,1407,6,128,16.59,48,0.799686356644242
Samsung Galaxy A70s ,17999,4.3,1988,6,128,17.02,64,0.793110305143819
Lava Pulse Mobile Phone-With BP & Heart Rate Monitor,0,0,0,0,0,0,0,-1
Lava A7 2020,0,0,0,0,0,0,0,-1
Nokia 125,0,0,0,0,0,0,0,-1
Honor 9S ,6499,3.9,16403,2,32,13.84,8,0.642283561455954
Lava A1 super,0,0,0,0,0,0,0,-1
Lava A1 super,0,0,0,0,0,0,0,-1
OPPO A11K ,8490,4.2,4247,2,32,15.8,13,0.792217838278335
Redmi Note 9 ,14599,4.3,9390,4,128,16.59,48,0.830001465039887
OPPO A53 ,12990,4.3,11178,4,64,16.51,13,0.714328130749058
Redmi 8A Dual ,9245,4.2,9523,3,64,15.8,13,0.750214428960808
Lava A5,0,0,0,0,0,0,0,-1
Redmi Note 9 ,16698,4.4,1407,6,128,16.59,48,0.554569633692164
Nokia 3310 DS,0,0,0,0,0,0,0,-1
Samsung Galaxy M01s  ,9989,4.2,218,3,32,15.75,13,0.741604807826909
Nokia 125,0,0,0,0,0,0,0,-1
OPPO Reno3 Pro ,29990,4.4,3054,8,256,16.26,64,0.65183056854818
Samsung Galaxy A51 ,22999,4.3,7200,6,128,16.51,48,0.655131786334686
OPPO A11K ,8490,4.2,4247,2,32,15.8,13,0.682351556734155
Lava A5,0,0,0,0,0,0,0,-1
Lava A5,0,0,0,0,0,0,0,-1
Micromax X512,934,3.9,4853,0.056,0.024,4.5,0,0.673381621231332
Lava A5,0,0,0,0,0,0,0,-1
Redmi 8A Dual ,9245,4.2,9523,3,64,15.8,13,0.737603996504248
OPPO A53 ,12990,4.3,11178,4,64,16.51,13,0.635270133747447
Realme X3 ,25999,4.4,9644,8,128,16.69,64,0.615179086948207
Honor 9S ,6499,3.9,16403,2,32,13.84,8,0.565979128415244
Kechaoda K115,0,0,0,0,0,0,0,-1
Kechaoda K115,0,0,0,0,0,0,0,-1
Kechaoda K115,0,0,0,0,0,0,0,-1
Samsung Galaxy A50s ,18570,4.3,37450,4,128,16.26,48,0.669409139912001
Lava A9,0,0,0,0,0,0,0,-1
Realme 5 Pro ,15999,4.5,112176,6,64,16,48,0.594283028357999
Lava A9,0,0,0,0,0,0,0,-1
Redmi 9 ,10999,4.2,424,4,128,16.59,13,0.62656799148304
Lava A9,0,0,0,0,0,0,0,-1
Kechaoda K6,0,0,0,0,0,0,0,-1
I kall k6300 NEW,1199,3.4,452,0.064,0.064,7.11,8,0.638495733719332
Lava Z61 Pro ,0,0,0,0,0,0,0,-1
Vivo Z1Pro ,17990,4.5,155522,6,128,16.59,16,0.710171039670713
Itel IT 2163,899,4,2436,0.032,0.032,4.57,10,0.749211533886095
Karbonn K19 Rock,890,3.9,1965,0.032,0.032,4.57,0,0.577915388098967
Apple iPhone 11 Pro ,84900,4.6,4964,0,64,14.73,12,0.702520423457326
Micromax X421,999,4,854,0.032,0.032,4.5,0,0.685131628968362
Samsung Galaxy M01 ,8194,4.2,12268,3,32,14.48,13,0.651653680074564
Redmi Note 8 Pro ,18999,4.4,10945,8,128,16.59,64,0.660505082305514
OPPO F17 ,16990,4.3,1917,6,128,16.36,16,0.581435298471958
Vivo U10 ,10990,4.4,41816,3,32,16.13,13,0.625310471190724
Kechaoda A26,0,0,0,0,0,0,0,-1
Kechaoda A26,0,0,0,0,0,0,0,-1
Vivo Y15 ,12990,4.4,29479,4,64,16.13,13,0.564743853328265
Vivo Y15 ,12990,4.4,29479,4,64,16.13,13,0.682924570501643
Grabo G310,619,3.6,1054,0.064,0.064,4.57,0,0.585798187703995
Lava A7 2020,0,0,0,0,0,0,0,-1
Tecno Camon 16 ,11499,4.2,1880,4,64,17.27,64,0.708055655357575
Panasonic ELUGA I6 ,5001,3.7,7397,2,16,13.84,8,0.604638773110362
Micromax X744,1149,3.9,5668,0.032,0.032,6.1,0,0.604955316122058
Realme 6 Pro ,17999,4.4,54415,6,64,16.76,64,0.746386263081185
I Kall K3312,699,3.5,6172,0.032,0.064,4.57,0,0.597938947157715
Redmi Note 9 ,15999,4.4,1407,6,128,16.59,48,0.743482299545448
Micromax X421,918,4,854,0.032,0.032,4.5,0,0.680855686066129
Samsung Guru FM Plus SM-B110E/D,0,0,0,0,0,0,0,-1
Lava A1200,0,0,0,0,0,0,0,-1
OPPO A5 2020 ,13990,4.4,6545,4,64,16.51,12,0.736975901350325
Micromax X809,1189,3.9,1399,0.032,0.032,6.1,8,0.589843401145128
Blackzone B-312 Gold,669,3.6,185,0.01,0.01,4.57,0,0.626878129371076
Vivo Y91i ,7990,4.3,35183,2,32,15.8,13,0.626148895502236
Realme 6 Pro ,19999,4.4,27063,8,128,16.76,64,0.721917719986486
iQOO 3 ,34990,4.5,10647,8,256,16.36,48,0.731453513457444
Samsung Galaxy A21s ,14999,4.2,12000,4,64,16.51,48,0.559747827896494
Realme X3 SuperZoom ,27999,4.3,3427,8,128,16.69,64,0.745162360674761
Kechaoda K28,0,0,0,0,0,0,0,-1
Kechaoda K28,0,0,0,0,0,0,0,-1
Karbonn K19 Rock,890,3.9,1965,0.032,0.032,4.57,0,0.67838062205795
OPPO A53 ,15490,4.2,2192,6,128,16.51,13,0.736112139224555
Redmi Note 9 ,15795,4.3,9390,4,128,16.59,48,0.723848379864364
Redmi Note 9 ,12349,4.3,9390,4,64,16.59,48,0.626704550231404
OPPO A53 ,15490,4.2,2192,6,128,16.51,13,0.691083846858271
OPPO A53 ,12990,4.3,11178,4,64,16.51,13,0.662172909595533
ITEL ACE,774,4.1,94,0.032,0.032,4.57,10,0.650545275852196
Samsung Galaxy Note 10 Plus ,54999,4.6,3252,12,256,17.27,12,0.591876752996514
Apple iPhone 12 ,84900,4.8,290,0,128,15.49,12,0.594960278005301
Energizer Hardcase E100,1249,4,53,0.032,0.032,6.1,0,0.578162939048119
Lava Gem Wave,0,0,0,0,0,0,0,-1
Karbonn K9 Mini,852,3.8,1010,0.032,0.032,4.5,0,0.603332256629569
Samsung Galaxy M01s  ,9989,4.2,218,3,32,15.75,13,0.554193777747679
Good One Magic,1399,4,1344,0.032,0.032,4.32,2,0.661289765734243
Redmi 9 Prime ,11488,4.3,4514,4,64,16.59,13,0.598446306792706
Nokia 105,0,0,0,0,0,0,0,-1
Kechaoda K-55 Plus,0,0,0,0,0,0,0,-1
Karbonn KX26i,999,4.3,38,0.032,0.032,6.1,14,0.665894245815443
Samsung Galaxy M01 ,8360,4.2,12268,3,32,14.48,13,0.711400890486024
Micromax X1i-2017,1050,3.8,1320,0,32,6.1,0,0.670328251103248
Samsung Galaxy M11 ,10059,4.2,8271,3,32,16.26,13,0.660821122174641
Tork T13 Banana,799,4,317,0.032,0.032,6.1,0,0.606427118244237
Kechaoda K33,0,0,0,0,0,0,0,-1
Apple iPhone 12 ,84900,4.8,290,0,128,15.49,12,0.706958064144974
Kechaoda K33,0,0,0,0,0,0,0,-1
Apple iPhone 12 ,79900,4.8,290,0,64,15.49,12,0.652701852144032
Micromax X756,1390,3.9,2335,0.032,0.032,6.1,0,0.702850468042898
Samsung Galaxy A21s ,14999,4.2,12000,4,64,16.51,48,0.574540076962387
BlackZone PORSCHE 911,1260,3.5,27,0.064,0.064,3.66,0,0.708448681584412
Gfive U873,736,3.7,1548,0.032,0.032,4.57,0,0.65844721985262
Lava H1 Hero 600,0,0,0,0,0,0,0,-1
Micromax X749,1284,4.1,1687,0.032,0.032,6.1,0,0.745865836956567
Realme X3 SuperZoom ,29999,4.3,3427,8,256,16.69,64,0.685156541958752
Samsung Galaxy A10s ,10249,4.3,1991,3,32,15.75,13,0.671868150397627
Realme X3 SuperZoom ,32999,4.2,1395,12,256,16.69,64,0.658161360309689
Karbonn K9 POWER,999,3.7,7,0.024,0.032,4.5,0,0.596791202823794
Realme X3 SuperZoom ,27999,4.3,3427,8,128,16.69,64,0.648537663252469
Samsung Galaxy A31 ,19999,4.3,6247,6,128,16.26,48,0.736678509606916
Realme X3 SuperZoom ,29999,4.3,3427,8,256,16.69,64,0.659759431527173
Karbonn KX26,1130,4,1003,0.032,0.032,6.1,0,0.594297567722893
Samsung Galaxy Note 10 Plus ,54999,4.6,3253,12,256,17.27,12,0.640039924844094
Micromax X388,1040,3.9,1806,0.032,0.032,4.5,0,0.595843798599037
Samsung Galaxy A21s ,14999,4.2,12000,4,64,16.51,48,0.613910910752378
Blackzone B312,639,3.5,104,0.01,0.01,4.57,0,0.67894761983907
Samsung Galaxy A71 ,29499,4.4,4209,8,128,17.02,64,0.592969379246651
OPPO F17 ,16990,4.3,1917,6,128,16.36,16,0.600428437169791
Redmi Note 9 Pro ,14477,4.3,6554,4,64,16.94,48,0.555618530239199
OPPO A33 ,10990,4.4,67,3,32,16.51,13,0.605523456567431
Tecno Spark 5 Pro ,10169,4.3,137,4,64,16.64,16,0.57542950901402
Micromax X421,919,4,854,0.032,0.032,4.5,0,0.698065772433784
BlackZone S16,949,4.2,9,0.064,0.064,6.1,0,0.677912729855644
BlackZone S16,949,4.2,9,0.064,0.064,6.1,0,0.558613264389501
Energizer Energy E20,1349,4.2,84,0.032,0.032,6.1,0,0.682457346050111
Lava Z61 Pro ,0,0,0,0,0,0,0,-1
Samsung Metro 313 Dual Sim,2130,4.2,11479,0.016,0.002,5.08,0,0.598294307083113
Tork T13 Banana,849,4,317,0.032,0.032,6.1,0,0.710774568275807
Honor 9X ,15999,4.3,18151,4,128,16.74,48,0.668298761084328
LG Velvet Dual Screen ,49990,4.4,12,6,128,17.27,48,0.70682029003589
LG Velvet Dual Screen ,49990,4.4,12,6,128,17.27,48,0.655664674286966
Realme X3 SuperZoom ,29999,4.3,3427,8,256,16.69,64,0.727986136286716
Realme X3 SuperZoom ,27999,4.3,3427,8,128,16.69,64,0.589110515581077
Lava H1 Hero 600,0,0,0,0,0,0,0,-1
Karbonn KX26,1130,4,1003,0.032,0.032,6.1,0,0.584947259406903
Kechaoda K-55 Plus,0,0,0,0,0,0,0,-1
Itel U10,925,4.2,13,0.032,0.032,4.57,0,0.703487798157543
Micromax X421,919,4,854,0.032,0.032,4.5,0,0.655903803845383
Samsung Galaxy A21s ,14999,4.2,12000,4,64,16.51,48,0.602552321727334
Karbonn K88 Dual Sim - Black & Red,1240,3.5,139,0.01,0.001,6.1,1,0.649655535416982
Blackzone B312,639,3.5,104,0.01,0.01,4.57,0,0.571096179437427
Samsung Galaxy A71 ,29499,4.4,4209,8,128,17.02,64,0.703149759696964
Karbonn KX26i,999,4.3,38,0.032,0.032,6.1,14,0.563998860935712
Apple iPhone 12 ,79900,4.8,290,0,64,15.49,12,0.680169116793576
Redmi Note 9 Pro ,14477,4.3,6554,4,64,16.94,48,0.73902512323918
OPPO A33 ,10990,4.4,67,3,32,16.51,13,0.552282311005599
Tecno Spark 5 Pro ,10169,4.3,137,4,64,16.64,16,0.604639424443828
Samsung Galaxy A31 ,19999,4.3,6247,6,128,16.26,48,0.673423252506985
Tecno SPARK 6 AIR ,7960,4.3,890,2,32,17.78,13,0.646365644087751
OPPO F17 ,16990,4.3,1917,6,128,16.36,16,0.630821814807508
BlackZone S16,949,4.2,9,0.064,0.064,6.1,0,0.64566408944531
BlackZone S16,949,4.2,9,0.064,0.064,6.1,0,0.58798845785031
Micromax X388,1040,3.9,1806,0.032,0.032,4.5,0,0.59365595353481
Itel A25 Pro ,4999,3.7,3,2,32,12.7,5,0.595829793609287
Samsung Guru FM Plus SM-B110E/D,0,0,0,0,0,0,0,-1
Samsung Galaxy A51 ,22999,4.3,7200,6,128,16.51,48,0.597927449244956
Kechaoda A26,0,0,0,0,0,0,0,-1
Tork T13 Banana,849,4,317,0.032,0.032,6.1,0,0.684469283863421
LG Velvet Dual Screen ,49990,4.4,12,6,128,17.27,48,0.625707806153505
Vivo S1 ,18990,4.4,2474,6,64,16.21,16,0.694829048462782
LG Velvet Dual Screen ,49990,4.4,12,6,128,17.27,48,0.676824522507569
Lava Z61 Pro ,0,0,0,0,0,0,0,-1
Honor 9X ,15999,4.3,18151,4,128,16.74,48,0.671436303661406
Samsung M31 Prime ,17585,4.2,60,6,128,16.26,64,0.568858132496275
Kechaoda K66 Plus,0,0,0,0,0,0,0,-1
Kechaoda K66 Plus,0,0,0,0,0,0,0,-1
Kechaoda K10,0,0,0,0,0,0,0,-1
Kechaoda K10,0,0,0,0,0,0,0,-1
Samsung Guru FM Plus,0,0,0,0,0,0,0,-1
Itel A25 Pro ,4999,3.7,3,2,32,12.7,5,0.607715115633286
Energizer Energy E20,1349,4.2,84,0.032,0.032,6.1,0,0.737214294948812
Forme Duos 1900,999,4,76,0.032,0.032,7.11,0,0.566288486244786
Karbonn KX4i,799,3.6,14,0.032,0.032,4.57,80,0.568500319882007
Tork T13 Banana,849,4,317,0.032,0.032,6.1,0,0.650228109641699
Samsung Galaxy A31 ,19999,4.3,6247,6,128,16.26,48,0.606400610370704
Redmi Note 9 Pro ,14588,4.3,6554,4,64,16.94,48,0.635478504201064
Redmi 8A Dual ,8985,4.2,9524,3,32,15.8,13,0.638546475670454
Itel A25 Pro ,4999,3.7,3,2,32,12.7,5,0.550357546859875
Apple iPhone 12 ,84900,4.8,290,0,128,15.49,12,0.740297423321027
Kechaoda K66 Plus,0,0,0,0,0,0,0,-1
Apple iPhone 12 ,84900,4.8,290,0,128,15.49,12,0.584742677710228
MU M 230,1399,0,0,0.064,0.064,7.11,0,0.574092617132093
MU M 230,1399,0,0,0.064,0.064,7.11,0,0.720955653532445
Vivo Y15 ,12990,4.4,29479,4,64,16.13,13,0.734500293960897
Apple iPhone SE ,50900,4.6,72793,0,256,11.94,12,0.726113261228349
Itel A25 Pro ,4999,3.7,3,2,32,12.7,5,0.733848956923729
Apple iPhone 11 Pro ,121300,4.6,4964,0,256,14.73,12,0.55572841000528
Samsung Galaxy A71 ,29499,4.4,4209,8,128,17.02,64,0.609922732122948
KXD M2+,799,0,0,0.032,0.032,4.5,1,0.642063298789249
Samsung Galaxy A51 ,22999,4.3,7200,6,128,16.51,48,0.596738618660474
Karbonn KX1Indian,825,0,0,0.032,0.032,4.57,0,0.660884522159167
Samsung Galaxy A31 ,19999,4.3,6247,6,128,16.26,48,0.743170005159121
Vivo Z1x ,18990,4.4,26083,8,128,16.21,48,0.669744120850943
Itel IT5608,1145,4.1,7,0.064,0.032,4.57,0,0.696870726821765
Itel It 2163,919,4,2436,0.032,0.032,4.57,10,0.715469145670515
Kechaoda A26,0,0,0,0,0,0,0,-1
Forme Duos 1900,1049,4,76,0.032,0.032,7.11,0,0.663641049098077
Vivo Y15 ,12990,4.4,29479,4,64,16.13,13,0.624792944576982
Lava Z61 Pro ,0,0,0,0,0,0,0,-1
I Kall K43,599,3.6,1456,0.032,0.064,4.57,80,0.635407569676144
OPPO A5 2020 ,14399,4.4,6545,4,64,16.51,12,0.591670600778348
Samsung Galaxy Note 10 Plus ,54999,4.6,3253,12,256,17.27,12,0.622963622510718
OPPO F17 ,16990,4.3,1917,6,128,16.36,16,0.61248028015938
Kechaoda K116 Plus,0,0,0,0,0,0,0,-1
Kechaoda K60,0,0,0,0,0,0,0,-1
Samsung M01 core ,5027,4,2608,1,16,13.46,8,0.622525831592989
Vivo Y91i ,8299,4.3,35183,2,16,15.8,13,0.583375359489826
Vivo Y91i ,8299,4.3,35183,2,16,15.8,13,0.614420527834028
Micromax X419,999,4,123,0.032,0.032,4.5,0,0.679233604887905
Vivo Y19 ,15890,4.4,7025,4,128,16.59,16,0.654562428242528
Kechaoda K-55 Plus,0,0,0,0,0,0,0,-1
Apple iPhone 11 Pro ,84900,4.6,4964,0,64,14.73,12,0.694841968306715
Karbonn KX4,825,3.9,37,0.032,0.032,4.57,0,0.605987038778444
Karbonn KX4,849,3.9,37,0.032,0.032,4.57,0,0.749430781149741
Nokia 110 DS 2020,0,0,0,0,0,0,0,-1
Itel A25 Pro ,4999,3.7,3,2,32,12.7,8,0.68385805403508
Redmi Note 9 ,17198,4.4,1407,6,128,16.59,48,0.608753570662002
Samsung Galaxy M01 ,8499,4.2,12268,3,32,14.48,13,0.595218234673551
Karbonn K7 Power,1099,3.7,1399,0.032,0.032,4.57,0,0.678117277346784
Karbonn KX26i,999,4.3,38,0.032,0.032,6.1,14,0.618636790062791
Apple iPhone SE ,50900,4.6,72793,0,256,11.94,12,0.608888545558887
Vivo Z1x ,16990,4.4,160815,6,64,16.21,48,0.734606345782489
Kechaoda K33,0,0,0,0,0,0,0,-1
I Kall K800 ,3949,3.4,227,2,16,13.97,5,0.556253772605664
Kechaoda K10,0,0,0,0,0,0,0,-1
Kechaoda K10,0,0,0,0,0,0,0,-1
Kechaoda K66 Plus,0,0,0,0,0,0,0,-1
Lava A1200,0,0,0,0,0,0,0,-1
Kechaoda K9,0,0,0,0,0,0,0,-1
Micromax X748,1418,4.1,1073,0.032,0.032,6.1,0,0.558132878400621
Samsung Galaxy M21 ,16399,4.3,806,6,128,16.26,48,0.544751125308052
Karbonn K-Phone 1,1490,3.9,632,0.256,0.16,6.1,1,0.449464125330755
Micromax X512,965,3.9,4853,0.056,0.024,4.5,0,0.475822582052499
Redmi Note 9 ,14299,4.4,211,4,128,16.59,48,0.461321831427406
Redmi Note 9 ,12999,4.4,211,4,64,16.59,48,0.639840369699615
Kechaoda A27,0,0,0,0,0,0,0,-1
Kechaoda A27,0,0,0,0,0,0,0,-1
Kechaoda A27,0,0,0,0,0,0,0,-1
Kechaoda A26,0,0,0,0,0,0,0,-1
Itel IT 2163,868,4,2436,0.032,0.032,4.57,0,0.431281254378645
Honor 9X ,16999,4.3,2181,6,128,16.74,48,0.611532105925242
Honor 9X ,15999,4.3,18151,4,128,16.74,48,0.417983490584133
Kechaoda K116 Plus,0,0,0,0,0,0,0,-1
Samsung Galaxy A10s ,9269,4.4,2382,2,32,15.75,13,0.602972708943096
Karbonn KX19,880,4.1,35,0.032,0.032,4.57,0,0.478846805455649
Kechaoda K116 Plus,0,0,0,0,0,0,0,-1
Kechaoda K33,0,0,0,0,0,0,0,-1
I Kall K50,899,3.7,3008,0.032,0.064,7.11,0,0.499148369989239
Kechaoda K115,0,0,0,0,0,0,0,-1
Micromax X380,1098,3.9,9611,0.032,0.032,4.5,0,0.465376345247738
Samsung Galaxy A51 ,24499,4.4,2046,8,128,16.51,48,0.489767642641902
Kechaoda K116 Plus,0,0,0,0,0,0,0,-1
Kechaoda A27,0,0,0,0,0,0,0,-1
Samsung Galaxy A51 ,22999,4.3,7200,6,128,16.51,48,0.444268563270425
Redmi Note 6 Pro ,14798,4.5,125416,6,64,15.9,12,0.474206162743779
I Kall K50,899,3.7,3008,0.032,0.064,7.11,0,0.402181982741839
Samsung Galaxy A51 ,24499,4.4,2046,8,128,16.51,48,0.569975031523886
Kechaoda K33,0,0,0,0,0,0,0,-1
Voto V2 ,3690,3.5,4735,2,16,12.7,13,0.565912380050369
Realme X ,20999,4.5,42641,8,128,16.59,48,0.649828836388521
Vivo S1 ,16990,4.5,11123,4,128,16.21,16,0.600752633089973
MBO M312,659,3.6,91,0.032,0.032,4.57,1,0.447600271319081
Lava A1200,0,0,0,0,0,0,0,-1
Redmi K20 Pro ,26999,4.5,79477,6,128,16.23,48,0.425182620942867
Samsung Galaxy A51 ,24499,4.4,2046,8,128,16.51,48,0.550917469802135
Micromax X1i Power,999,3.9,12464,0.032,0.032,6.1,0,0.495098110015587
iQOO 3 ,31990,4.5,10647,8,128,16.36,48,0.569919769051099
BlackZone TURBO-351,719,0,0,0.064,0.064,4.57,0,0.621831148170718
iQOO 3 ,31990,4.5,10647,8,128,16.36,48,0.642314747807405
Apple iPhone 11 Pro ,84900,4.6,4964,0,64,14.73,12,0.507727070719519
Kechaoda K-9,0,0,0,0,0,0,0,-1
MarQ by Flipkart M24 Armor,999,3.7,770,0.032,0.032,6.1,12,0.623648961888185
Samsung Guru 1200,0,0,0,0,0,0,0,-1
Redmi 9 ,10984,4.2,424,4,128,16.59,13,0.620376354907025
Samsung Galaxy S20 FE ,49999,4.3,59,8,128,16.51,12,0.525352047402037
Vivo Y19 ,14990,4.4,7025,4,128,16.59,16,0.622538190645457
I Kall K50,799,3.7,3008,0.032,0.064,7.11,0,0.420097433119888
Itel Power 400,1349,4.1,1716,0.032,0.032,6.1,0,0.627804753464728
Gionee F8 Neo ,5499,0,0,2,32,13.84,8,0.626734641197249
Samsung Galaxy S20 FE ,49999,4.3,59,8,128,16.51,12,0.512457011167782
Jmax M43 Combo of two,1399,3.8,69,0.032,0.032,4.57,1,0.627322700069689
Micromax X381,875,4,418,0.032,0.032,4.5,0,0.604478083550041
Kechaoda A32,0,0,0,0,0,0,0,-1
Gfive A1 Combo of Two,1399,3.5,194,0.032,0.032,4.57,1,0.435854278167853
Vivo V19 ,27990,4.4,10692,8,256,16.36,48,0.580319038244386
ITEL it6330,1699,3.6,43,0.064,0.064,7.11,1,0.464036391688879
Samsung Galaxy M01s ,9495,4.4,171,3,32,15.75,13,0.421319482404052
Samsung Galaxy A21s ,16499,4.2,4876,6,64,16.51,48,0.574717544593412
Karbonn K19 Rock,890,3.9,1965,0.032,0.032,4.57,0,0.552225056227473
Kechaoda K116 Plus,0,0,0,0,0,0,0,-1
Apple iPhone 12 Pro ,129900,4.6,147,0,256,15.49,12,0.538905329619794
Samsung Galaxy J2 Core ,6299,4.2,10292,1,16,12.7,8,0.63066330871937
Samsung Guru 1200,0,0,0,0,0,0,0,-1
Samsung M31s ,23999,5,5,8,128,16.51,64,0.535240341902798
Nokia 125,0,0,0,0,0,0,0,-1
Kechaoda K28,0,0,0,0,0,0,0,-1
Lava H1 Hero 600,0,0,0,0,0,0,0,-1
Apple iPhone XR ,44900,4.6,54621,0,64,15.49,12,0.431178288573823
Gfive U873 Combo of Two,1399,3.7,257,0.032,0.032,4.57,1,0.458287134595953
TECNO Spark 6 Air ,8898,4.5,38,3,32,17.78,13,0.441270424611183
Kechaoda K60,0,0,0,0,0,0,0,-1
Kechaoda K60,0,0,0,0,0,0,0,-1
Lava H1 Hero 600,0,0,0,0,0,0,0,-1
Kechaoda K28,0,0,0,0,0,0,0,-1
Gfive A1 Combo of Two,1399,3.5,194,0.032,0.032,4.57,1,0.413873003683086
Apple iPhone XR ,44900,4.6,54621,0,64,15.49,12,0.600162159610724
Kechaoda A32,0,0,0,0,0,0,0,-1
Redmi Note 9 Pro Max ,17899,4.4,2846,6,64,16.94,64,0.433122677137882
Nokia 125,0,0,0,0,0,0,0,-1
KXD M3+,799,0,0,0.032,0.032,4.5,1,0.514479693606794
Samsung Galaxy J2 Core ,6299,4.2,10292,1,16,12.7,8,0.525047325507856
Gfive U331,699,3.3,124,0.032,0.064,4.57,0,0.521873108127405
Yu Yureka Black ,6699,4,16357,4,32,12.7,13,0.528385000833205
ITEL it6330,1699,3.6,43,0.064,0.064,7.11,1,0.546659054932072
Samsung Galaxy A51 ,22999,4.3,7200,6,128,16.51,48,0.484156390867756
BlackZone TURBO-351,719,0,0,0.064,0.064,4.57,0,0.430440277735978
I Kall K44 NEW,669,3.7,1056,0.032,0.064,4.57,0,0.601838427350625
TECNO Spark Air 6 ,8099,3.9,30,2,32,17.78,13,0.484390576618881
Lava 34 Plus,0,0,0,0,0,0,0,-1
Vivo Z1x ,18990,4.4,26083,8,128,16.21,48,0.429785700345393
Samsung Galaxy Note10 Lite ,39999,4.4,1290,8,128,17.02,12,0.406881968736276
I Kall K43 Combo of 2 Mobiles,999,4,4,0.032,0.064,4.57,80,0.547592546230523
Lava A7,0,0,0,0,0,0,0,-1
Samsung Galaxy A21s ,17499,4.2,4876,6,128,16.51,48,0.496215337045495
Redmi Y2 ,9280,4.5,118944,3,32,15.21,12,0.461180446775419
Redmi K20 Pro ,26999,4.5,79477,6,128,16.23,48,0.570758360230698
Apple iPhone 11 Pro ,140300,4.6,4964,0,512,14.73,12,0.49449647659498
Kechaoda K2,0,0,0,0,0,0,0,-1
Kechaoda K9,0,0,0,0,0,0,0,-1
Salora Kiano,1319,4,161,0.032,0.032,6.1,1,0.49489287059535
Realme X ,17999,4.5,105251,4,128,16.59,48,0.605967894473928
Vivo V19 ,24990,4.4,10692,8,128,16.36,48,0.415638553817656
Vivo V17 ,24990,4.5,8085,8,128,16.36,48,0.433585795542165
OPPO Reno2 Z ,27490,4.5,4833,8,256,16.51,48,0.612572541588072
Samsung Galaxy M31s ,22700,4.3,259,6,128,16.51,64,0.630107754174199
ITEL 2171,998,3.7,23,0.032,0.032,4.57,0,0.586041586017825
KXD M1,699,3.9,58,0.032,0.032,4.5,1,0.550056138334483
KXD M1,699,3.9,58,0.032,0.032,4.5,1,0.518425801458241
Jmax M43 Combo of two,1399,3.8,69,0.032,0.032,4.57,1,0.491377275269515
Redmi 8A Dual ,8498,4.2,9524,3,32,15.8,13,0.582180826662462
I Kall K44 new mobile,669,3.7,748,0.032,0.032,4.57,0,0.536709866175144
BlackZone NEO S10,949,0,0,0.032,0.032,6.1,0,0.461122652788601
KXD M5,699,3.2,27,0.032,0.032,4.5,1,0.477668976921757
Micromax X748,1399,4.1,1073,0.032,0.032,6.1,0,0.507391545990866
Karbonn K2 Boom Box,895,3.9,6736,0.032,0.032,4.57,0,0.526694364703807
Samsung Galaxy A10s ,9449,4.4,2382,2,32,15.75,13,0.635195807012789
Redmi Y2 ,9198,4.5,118944,3,32,15.21,12,0.522000798194852
Samsung Galaxy A51 ,24499,4.4,2046,8,128,16.51,48,0.371336060483429
Easyfone Udaan,0,0,0,0,0,0,0,-1
Itel VISION 1 ,6419,3.4,16,2,32,15.46,8,0.375259421247097
Redmi Note 8 Pro ,16999,4.4,77287,6,64,16.59,64,0.169235119398023
Kechaoda K13,0,0,0,0,0,0,0,-1
Itel it5260,1447,4.1,240,0.008,0.008,6.1,0,0.310606175068076
KXD M8,699,3.9,37,0.032,0.032,4.5,1,0.117727639655613
Kechaoda K33,0,0,0,0,0,0,0,-1
Redmi Note 9 Pro Max ,20990,4.4,2846,6,128,16.94,64,0.399717813445086
OPPO Reno4 Pro ,34990,4.4,1481,8,128,16.51,48,0.212106932471786
OPPO Reno2 ,38990,4.5,1384,8,256,16.51,48,0.186473783138595
Vivo V19 ,24990,4.4,10692,8,128,16.36,48,0.035582751475679
Kechaoda K9,0,0,0,0,0,0,0,-1
Gfive A2 Combo of Two,1399,3.7,191,0.032,0.032,4.57,1,0.217737423859577
Blackbear B5 Bucket,899,3.6,761,0.064,0.064,4.57,2,0.344261541170219
Apple iPhone 11 Pro ,140300,4.6,4964,0,512,14.73,12,0.059617632648156
MTR Ferrari,1249,4.1,2971,0.064,0.064,4.5,0,0.436274598903007
MTR Ferrari,1249,4.1,2971,0.064,0.064,4.5,0,0.111255736476699
MTR Ferrari,1199,4.1,2971,0.064,0.064,4.5,0,0.374754673633002
Karbonn KX23,1099,3.9,1104,0.032,0.032,6.1,0,0.19470031292938
Karbonn Kx23,1095,3.7,162,0.02,0.032,6.1,0,0.146378134499242
Tecno Spark 5 ,8885,4.3,29,2,32,16.76,13,0.119061116431516
Apple iPhone XR ,49900,4.6,54621,0,128,15.49,12,0.094609343454092
Kechaoda K66 Plus,0,0,0,0,0,0,0,-1
KXD M3+,799,0,0,0.032,0.032,4.5,1,0.162839894041299
Redmi Note 7 ,12384,4.5,177236,4,64,16,12,0.461546469304613
Micromax X419,950,4,123,0.032,0.032,4.5,0,0.034671119875909
Spinup A7 4G ,4967,2.9,49,2,16,13.97,8,0.125534728652961
Kechaoda A 31,0,0,0,0,0,0,0,-1
Google Pixel 3a ,30999,4.5,6221,4,64,14.22,12,0.154585941824243
Kechaoda A27,0,0,0,0,0,0,0,-1
OPPO Reno4 Pro ,34990,4.4,1481,8,128,16.51,48,0.030512589626908
Lenovo A7 ,7850,4.1,21,2,32,15.47,13,0.401020758366028
Karbonn KX23,1149,3.9,1104,0.032,0.032,6.1,0,0.333441852718416
Redmi Note 6 Pro ,14388,4.5,125416,6,64,15.9,12,0.376475902807162
Kechaoda A27,0,0,0,0,0,0,0,-1
Chilli C08,0,0,0,0,0,0,0,-1
Gfive A2 Combo of Two,1399,3.7,191,0.032,0.032,4.57,1,0.24188838376245
Itel it5607,1149,4,360,0.032,0.032,4.57,0,0.17502038251691
Tecno Spark 5 Pro ,10390,4.3,137,4,64,16.76,16,0.255297362010168
Samsung Galaxy M31s ,21190,4.3,259,6,128,16.51,64,0.403913448741641
itel It5071,1490,0,0,0.004,0.016,6.1,0,0.423861479227796
Itel Power 400,1324,4.1,1716,0.032,0.032,6.1,0,0.030391497819342
Intex TURBO SLIMZZ,1099,0,0,0.01,0.05,6.1,0,0.250179267093209
Karbonn K Phone 1,1399,3.9,166,0.032,0.032,6.1,1,0.057128733693814
Samsung Galaxy A70s ,25999,4.4,970,8,128,17.02,64,0.276610711838531
Samsung Galaxy S8 Plus ,53990,4.6,2003,4,64,15.75,12,0.28728861190894
Karbonn KX23,1099,3.7,162,0.02,0.02,6.1,0,0.482656169283728
Karbonn K Phone 1,1399,3.9,166,0.032,0.032,6.1,1,0.090516640738763
Samsung Galaxy M31s ,21190,4.3,259,6,128,16.51,64,0.433959692030152
Samsung Galaxy A21s ,17499,4.2,4876,6,128,16.51,48,0.401961753425718
Kechaoda A27,0,0,0,0,0,0,0,-1
itel It5071,1490,0,0,0.004,0.016,6.1,0,0.477819510780636
Google Pixel 3a ,30999,4.5,6221,4,64,14.22,12,0.192045510297458
Karbonn KX23,1099,3.7,162,0.02,0.02,6.1,0,0.469441178480769
Kechaoda K13,0,0,0,0,0,0,0,-1
Samsung Galaxy S8 Plus ,53990,4.6,2003,4,64,15.75,12,0.235555946878645
Samsung Galaxy A70s ,25999,4.4,970,8,128,17.02,64,0.061085762306299
Karbonn KX26,1099,4,1003,0.032,0.032,6.1,0,0.478462428886347
Itel Power 400,1324,4.1,1716,0.032,0.032,6.1,0,0.460165353730371
Kechaoda K9,0,0,0,0,0,0,0,-1
Tecno Spark 5 Pro ,10390,4.3,137,4,64,16.76,16,0.044669294534331
Realme X ,20999,4.5,42641,8,128,16.59,48,0.344171588601014
I Kall K 48,649,3.7,2421,0.032,0.064,4.57,0,0.43363463772412
nuvo NF18-BW,699,3.6,83,0.032,0.032,4.57,1,0.038163360120564
Intex Eco 107,0,0,0,0,0,0,0,-1
Intex Eco 107,0,0,0,0,0,0,0,-1
iQOO 3 ,44990,4.4,1463,12,256,16.36,48,0.350613377976362
Energizer Power Max P20,1449,3.8,89,0.032,0.032,7.11,0,0.209826487672241
MU M5000,1299,0,0,0.032,0.032,7.11,1,0.422870223117645
Redmi 6A ,7999,4.3,53161,2,32,13.84,13,0.159415965128272
Motorola Edge+ ,64999,4.2,217,12,256,17.02,10,0.402619655695364
MU M5000,1299,0,0,0.032,0.032,7.11,1,0.284912856195108
Redmi 6A ,7999,4.3,53161,2,32,13.84,13,0.40271447075853
Motorola Edge+ ,64999,4.2,217,12,256,17.02,10,0.202147844415698
MU M370,935,4.3,361,0.032,0.032,3.66,0,0.359645634020769
Samsung Galaxy A51 ,24499,4.4,2046,8,128,16.51,48,0.4106467098038
Karbonn K310n,799,3.9,1186,0.01,0.01,4.57,0,0.391002240351576
Mi A2 ,13999,4.1,2978,6,128,15.21,20,0.444408842115611
Karbonn KX5,876,4,114,0.032,0.032,4.57,0,0.332526325729387
Redmi 6 ,8250,4.4,552467,3,32,13.84,12,0.259172041384044
BlackZone PORSCHE 911,1260,3.5,27,0.064,0.064,3.66,0,0.221600651004785
Nokia 2.3 ,0,0,0,0,0,0,0,-1
Micromax X382,948,4,67,0.032,0.032,4.5,0,0.094170775290372
Apple iPhone XS ,79990,4.7,11814,0,256,14.73,12,0.10743050133379
Gfive U873,730,3.7,1548,0.032,0.032,4.57,0,0.281835186297126
Lava A1 Josh,0,0,0,0,0,0,0,-1
Easyfone Amico,0,0,0,0,0,0,0,-1
Kechaoda K116 Plus,0,0,0,0,0,0,0,-1
I Kall K3312 Combo,1199,3.6,1508,0.032,0.064,4.57,0,0.403462038346887
MTR Ferrari,1199,4.1,2971,0.064,0.064,4.5,0,0.290462937533406
Karbonn K-PHONE6,1299,0,0,0.032,0.032,6.1,0,0.230297659423213
Karbonn KX1,840,3.9,920,0.032,0.032,4.57,0,0.011387678199507
Kechaoda K6,0,0,0,0,0,0,0,-1
Redmi 6A ,7399,4.3,53161,2,16,13.84,13,0.246786287849457
Gfive U707 & U873 Combo of Two mobiles,1399,3.4,41,0.032,0.064,4.57,0,0.174060635897921
Gfive U707 & U873 Combo of Two mobiles,1399,3.4,41,0.032,0.064,4.57,0,0.173050404970092
Samsung Galaxy M30S ,17500,4.3,3866,4,128,16.26,48,0.187593181503724
Forme D10,848,3.8,12,0.012,0.012,4.57,0,0.315061100466652
Mobiistar E1 Selfie ,6790,3.8,518,3,32,13.84,13,0.236682462280812
Itel A23 ,3950,3.7,127,1,8,12.7,2,0.035082189554209
Tork T3,949,3.4,73,0.032,0.032,4.57,0,0.420556780624725
Intex Eco 105vx,0,0,0,0,0,0,0,-1
Kechaoda A 31,0,0,0,0,0,0,0,-1
OPPO Reno3 Pro ,29990,4.4,3055,8,256,16.26,64,0.447476024750945
Forme N9,678,3.4,7,0.032,0.032,4.57,10,0.452769804795911
OPPO Reno3 Pro ,25990,4.4,3055,8,128,16.26,64,0.399056454190957
Jivi N9030,1349,3.8,112,0.001,0.016,7.11,0,0.377666130108267
Micromax X381,890,4,418,0.032,0.032,4.5,0,0.251402210927232
BlackZone COOL,619,4.3,8,0.064,0.064,4.57,0,0.206654395160219
Samsung Galaxy S20+ ,49999,4.5,11423,8,128,17.02,64,0.422094830035469
Micromax X1i-Pop,940,4,213,0.056,0.04,4.5,0,0.120070345151525
Blackbear i7 Trio Combo of Two Mobiles,3039,3.6,8,0.064,0.064,5.08,1,0.353082959965511
Detel D1 Champ,664,3.7,1416,0.032,0.032,4.57,0,0.221550243264799
Samsung Galaxy S10 Lite ,36099,4.5,12059,8,128,17.02,48,0.147908269611696
Redmi Note 8 Pro ,15999,4.4,77287,6,64,16.59,64,0.425490757504262
Apple iPhone 12 ,79900,4.8,290,0,64,15.49,12,0.026743296393797
Nokia 125 DS,0,0,0,0,0,0,0,-1
VOTO V11 ,3990,3.4,132,2,16,12.7,13,0.19867908561703
VOTO V11 ,3990,3.4,132,2,16,12.7,13,0.226581835862477
Kechaoda K30,0,0,0,0,0,0,0,-1
Itel Muzik110,1039,4.6,8,0.004,0.005,4.57,0,0.326351281738248
Karbonn KX1,845,3.9,920,0.032,0.032,4.57,0,0.314998653607968
Karbonn KX1,840,3.9,920,0.032,0.032,4.57,0,0.315462612886624
Infinix Hot 7 Pro ,10990,4.2,10382,6,64,15.72,13,0.074303356304258
Gfive U707 & U873 Combo of Two mobiles,1399,3.4,41,0.032,0.064,4.57,0,0.069460659258963
Coolpad Mega 5M ,4199,3.6,1118,1,16,12.7,5,0.069833204388532
OPPO K1 ,14990,4.4,74537,4,64,16.28,16,0.224151223340299
Spinup A8 ,4999,3.2,23,2,16,13.97,8,0.400716600968218
ROKEA R222,1098,3.2,31,0.256,0.032,3.66,0,0.463178556311466
Vivo U10 ,11990,4.4,41816,3,64,16.13,13,0.178640645972745
InFocus POWER 2,1330,3.7,112,0.064,0.064,6.1,0,0.021775450579553
InFocus POWER 2,1249,3.7,112,0.064,0.064,6.1,0,0.187841997486772
Apple iPhone 7 ,29799,4.5,93809,0,32,11.94,12,0.136386308844187
OPPO F5 ,14990,4.4,5754,4,32,15.24,16,0.200484508733345
InFocus VIBE 2,955,4.2,83,0.032,0.032,6.1,0,0.145865529572967
OPPO F5 ,13799,4.4,5754,4,32,15.24,16,0.18285863816892
Micromax X1i Pop,930,3.9,1989,0.056,0.056,4.57,0,0.152750938559875
Samsung Galaxy Note10 Lite ,37999,4.4,343,6,128,17.02,12,0.327153618431225
Apple iPhone SE ,50900,4.6,72796,0,256,11.94,12,0.027492442393559
Moto X Play,17499,4.2,61507,2,16,13.97,21,0.26002854146713
I Kall K 19 Car,1199,4.1,361,0.032,0.064,4.5,0,0.246257347513557
Muphone M210,1699,3.7,135,0.064,0.032,7.11,3,0.371820149972131
Easyfone Star,0,0,0,0,0,0,0,-1
